
  
  
  
  
















{
  "version": "2.1",
  "name": "catppuccin-macchiato-sapphire",
  "isDark": true,
  "backgroundColor": -14802896,
  "barColor": -14407878,
  "keyboardColor": -14802896,
  "keyBackgroundColor": -13223345,
  "keyTextColor": -3484683,
  "candidateTextColor": -3484683,
  "candidateLabelColor": -3484683,
  "candidateCommentColor": -5919285,
  "altKeyBackgroundColor": -14407878,
  "altKeyTextColor": -5919285,
  "accentKeyBackgroundColor": -8534812,
  "accentKeyTextColor": -14407878,
  "keyPressHighlightColor": -1282172233,
  "keyShadowColor": -15197914,
  "popupBackgroundColor": -14407878,
  "popupTextColor": -3484683,
  "spaceBarColor": -11973276,
  "dividerColor": -11973276,
  "clipboardEntryColor": -13223345,
  "genericActiveBackgroundColor": -8534812,
  "genericActiveForegroundColor": -14407878,
  "backgroundImage": null
}
