
  
  
  
  













{
  "version": "2.0",
  "name": "catppuccin-mocha-sky",
  "isDark": true,
  "backgroundColor": -15198171,
  "barColor": -14803410,
  "keyboardColor": -15198171,
  "keyBackgroundColor": -13553084,
  "keyTextColor": -3287308,
  "altKeyBackgroundColor": -14803410,
  "altKeyTextColor": -5853752,
  "accentKeyBackgroundColor": -7742229,
  "accentKeyTextColor": -14803410,
  "keyPressHighlightColor": -1282172494,
  "keyShadowColor": -15658725,
  "popupBackgroundColor": -14803410,
  "popupTextColor": -3287308,
  "spaceBarColor": -12236966,
  "dividerColor": -12236966,
  "clipboardEntryColor": -13553084,
  "genericActiveBackgroundColor": -7742229,
  "genericActiveForegroundColor": -14803410,
  "backgroundImage": null
}
