
  
  
  
  













{
  "version": "2.0",
  "name": "catppuccin-latte-flamingo",
  "isDark": false,
  "backgroundColor": -2301720,
  "barColor": -3354406,
  "keyboardColor": -2301720,
  "keyBackgroundColor": -1052171,
  "keyTextColor": -11776151,
  "altKeyBackgroundColor": -3354406,
  "altKeyTextColor": -9670779,
  "accentKeyBackgroundColor": -2262920,
  "accentKeyTextColor": -1052171,
  "keyPressHighlightColor": -1283686509,
  "keyShadowColor": -3354406,
  "popupBackgroundColor": -3354406,
  "popupTextColor": -11776151,
  "spaceBarColor": -4407092,
  "dividerColor": -4407092,
  "clipboardEntryColor": -1052171,
  "genericActiveBackgroundColor": -2262920,
  "genericActiveForegroundColor": -1052171,
  "backgroundImage": null
}
