
  
  
  
  
















{
  "version": "2.1",
  "name": "catppuccin-frappe-flamingo",
  "isDark": true,
  "backgroundColor": -14078916,
  "barColor": -13618106,
  "keyboardColor": -14078916,
  "keyBackgroundColor": -12499623,
  "keyTextColor": -3747595,
  "candidateTextColor": -3747595,
  "candidateLabelColor": -3747595,
  "candidateCommentColor": -5919282,
  "altKeyBackgroundColor": -13618106,
  "altKeyTextColor": -5919282,
  "accentKeyBackgroundColor": -1130818,
  "accentKeyTextColor": -13618106,
  "keyPressHighlightColor": -1282106181,
  "keyShadowColor": -14473676,
  "popupBackgroundColor": -13618106,
  "popupTextColor": -3747595,
  "spaceBarColor": -11446419,
  "dividerColor": -11446419,
  "clipboardEntryColor": -12499623,
  "genericActiveBackgroundColor": -1130818,
  "genericActiveForegroundColor": -13618106,
  "backgroundImage": null
}
